run_index,seed,level,node,node_index,reqs_total,reqs_cold,reqs_warm,reqs_init_free,reqs_init_reserved,reqs_queued,reqs_reject,prob_cold,prob_reject,prob_warm,prob_queued,inst_count_avg,inst_running_count_avg,inst_idle_count_avg,inst_init_free_count_avg,inst_init_reserved_count_avg,inst_queued_jobs_count_avg,external_arrivals,internal_arrivals,graph_event_avg_cost,graph_time_avg_cost,response_time_count,response_time_avg,response_time_p50,response_time_p95,response_time_p99,response_time_max,response_time_warm_count,response_time_warm_avg,response_time_cold_count,response_time_cold_avg,response_time_queued_count,response_time_queued_avg,simulated_time,warm_service_rate,warm_service_mean_time,cold_service_rate,cold_service_mean_time,cold_start_rate,cold_start_mean_time,expiration_rate,expiration_mean_time,total_expected_warm_service_time,total_expected_cold_service_time,total_expected_cold_start_time,total_expected_expiration_time,status,error,run_dir,experiment_id,experiment_name,N,graph,config_path,dag_path,stdout_log,arrival_rate,warm_service,optimization,learn_mask,k_gamma,max_concurrency,K,K_exp,accumulate_cost,exp_per_run,gamma_min,k_delta,max_simulated_time,max_time,prtb,seeds,stop_by_simulated_time,tau,theta,theta_idle_min,theta_stock_min
1,1,graph,ALL,,47202,848,47064,2678,138,710,0,0.0179653404516757,0.0,0.9970763950680056,0.0150417355196813,20.91210564412776,10.093539610015542,7.836144679802465,2.108679961983817,0.1541905807263427,0.7195508115995954,47202.0,0.0,135.16746,128.05207497376284,47192,2.191549179296309,1.4428512020117523,6.440947709715823,11.655549418805109,90.4646818623114,46344,2.01469823600542,138,12.82212272665496,710,11.66895899103928,9431.75987309699,0.5,2.0,100.0,0.01,0.0999999999999999,10.0,0.01,100.0,2.0,0.01,10.0,100.0,ok,,/opt/Projects/Soft2/NSGD/sanitycheck_sweep_run2/logs/sanitycheck_sweep_json_N-1__arrival_rate-5__k_gamma-1-1-1__learn_mask-true-true-true__max_concurrency-50__optimization-adam__warm_service-0p5_arr5_20260526_103859,N-1__arrival_rate-5__k_gamma-1-1-1__learn_mask-true-true-true__max_concurrency-50__optimization-adam__warm_service-0p5,sanitycheck_sweep_json_N-1__arrival_rate-5__k_gamma-1-1-1__learn_mask-true-true-true__max_concurrency-50__optimization-adam__warm_service-0p5,1,A1,/opt/Projects/Soft2/NSGD/sanitycheck_sweep_run2/configs/N-1__arrival_rate-5__k_gamma-1-1-1__learn_mask-true-true-true__max_concurrency-50__optimization-adam__warm_service-0p5/input_N01.json,/opt/Projects/Soft2/NSGD/sanitycheck_sweep_run2/configs/N-1__arrival_rate-5__k_gamma-1-1-1__learn_mask-true-true-true__max_concurrency-50__optimization-adam__warm_service-0p5/DAG_N01.json,/opt/Projects/Soft2/NSGD/sanitycheck_sweep_run2/logs/stdout/N-1__arrival_rate-5__k_gamma-1-1-1__learn_mask-true-true-true__max_concurrency-50__optimization-adam__warm_service-0p5.log,5,0.5,adam,"[true, true, true]","[1, 1, 1]",50,2,1000,True,1,1,1,500,100000,"[[-0.5, 0.5], [-0.5, 0.5], [-1, 1]]",[1],False,100,"[[0.3333333333333333, 0.3333333333333333, 30]]",0,0
1,1,graph,ALL,,47202,848,47064,2678,138,710,0,0.0179653404516757,0.0,0.9970763950680056,0.0150417355196813,20.91210564412776,10.093539610015542,7.836144679802465,2.108679961983817,0.1541905807263427,0.7195508115995954,47202.0,0.0,135.16746,128.05207497376284,47192,2.191549179296309,1.4428512020117523,6.440947709715823,11.655549418805109,90.4646818623114,46344,2.01469823600542,138,12.82212272665496,710,11.66895899103928,9431.75987309699,0.5,2.0,100.0,0.01,0.0999999999999999,10.0,0.01,100.0,2.0,0.01,10.0,100.0,ok,,/opt/Projects/Soft2/NSGD/sanitycheck_sweep_run2/logs/sanitycheck_sweep_json_N-1__arrival_rate-5__k_gamma-1-1-1__learn_mask-true-true-true__max_concurrency-5000000__optimization-adam__warm_service-0p5_arr5_20260526_103906,N-1__arrival_rate-5__k_gamma-1-1-1__learn_mask-true-true-true__max_concurrency-5000000__optimization-adam__warm_service-0p5,sanitycheck_sweep_json_N-1__arrival_rate-5__k_gamma-1-1-1__learn_mask-true-true-true__max_concurrency-5000000__optimization-adam__warm_service-0p5,1,A1,/opt/Projects/Soft2/NSGD/sanitycheck_sweep_run2/configs/N-1__arrival_rate-5__k_gamma-1-1-1__learn_mask-true-true-true__max_concurrency-5000000__optimization-adam__warm_service-0p5/input_N01.json,/opt/Projects/Soft2/NSGD/sanitycheck_sweep_run2/configs/N-1__arrival_rate-5__k_gamma-1-1-1__learn_mask-true-true-true__max_concurrency-5000000__optimization-adam__warm_service-0p5/DAG_N01.json,/opt/Projects/Soft2/NSGD/sanitycheck_sweep_run2/logs/stdout/N-1__arrival_rate-5__k_gamma-1-1-1__learn_mask-true-true-true__max_concurrency-5000000__optimization-adam__warm_service-0p5.log,5,0.5,adam,"[true, true, true]","[1, 1, 1]",5000000,2,1000,True,1,1,1,500,100000,"[[-0.5, 0.5], [-0.5, 0.5], [-1, 1]]",[1],False,100,"[[0.3333333333333333, 0.3333333333333333, 30]]",0,0
1,1,graph,ALL,,48073,1734,47163,1032,910,824,0,0.0360701433236952,0.0,0.9810704553491564,0.0171405986728517,18.543334582630923,10.099822128710269,6.437042373433876,0.2208073386127637,0.9006694323452955,0.8849933095287182,48073.0,0.0,224.25256,211.5725314654112,48060,2.3750533374219107,1.4816243340312667,7.080667814384808,15.287293155371346,109.52827563168194,46326,2.0167944922946672,910,11.505855556443288,824,12.432904356906404,9605.320513612502,0.5,2.0,100.0,0.01,0.1,10.0,0.01,100.0,2.0,0.01,10.0,100.0,ok,,/opt/Projects/Soft2/NSGD/sanitycheck_sweep_run2/logs/sanitycheck_sweep_json_N-1__arrival_rate-5__k_gamma-1-1-1__learn_mask-false-false-false__max_concurrency-50__optimization-adam__warm_service-0p5_arr5_20260526_103913,N-1__arrival_rate-5__k_gamma-1-1-1__learn_mask-false-false-false__max_concurrency-50__optimization-adam__warm_service-0p5,sanitycheck_sweep_json_N-1__arrival_rate-5__k_gamma-1-1-1__learn_mask-false-false-false__max_concurrency-50__optimization-adam__warm_service-0p5,1,A1,/opt/Projects/Soft2/NSGD/sanitycheck_sweep_run2/configs/N-1__arrival_rate-5__k_gamma-1-1-1__learn_mask-false-false-false__max_concurrency-50__optimization-adam__warm_service-0p5/input_N01.json,/opt/Projects/Soft2/NSGD/sanitycheck_sweep_run2/configs/N-1__arrival_rate-5__k_gamma-1-1-1__learn_mask-false-false-false__max_concurrency-50__optimization-adam__warm_service-0p5/DAG_N01.json,/opt/Projects/Soft2/NSGD/sanitycheck_sweep_run2/logs/stdout/N-1__arrival_rate-5__k_gamma-1-1-1__learn_mask-false-false-false__max_concurrency-50__optimization-adam__warm_service-0p5.log,5,0.5,adam,"[false, false, false]","[1, 1, 1]",50,2,1000,True,1,1,1,500,100000,"[[-0.5, 0.5], [-0.5, 0.5], [-1, 1]]",[1],False,100,"[[0.3333333333333333, 0.3333333333333333, 30]]",0,0
1,1,graph,ALL,,48073,1734,47163,1032,910,824,0,0.0360701433236952,0.0,0.9810704553491564,0.0171405986728517,18.543334582630923,10.099822128710269,6.437042373433876,0.2208073386127637,0.9006694323452955,0.8849933095287182,48073.0,0.0,224.25256,211.5725314654112,48060,2.3750533374219107,1.4816243340312667,7.080667814384808,15.287293155371346,109.52827563168194,46326,2.0167944922946672,910,11.505855556443288,824,12.432904356906404,9605.320513612502,0.5,2.0,100.0,0.01,0.1,10.0,0.01,100.0,2.0,0.01,10.0,100.0,ok,,/opt/Projects/Soft2/NSGD/sanitycheck_sweep_run2/logs/sanitycheck_sweep_json_N-1__arrival_rate-5__k_gamma-1-1-1__learn_mask-false-false-false__max_concurrency-5000000__optimization-adam__warm_service-0p5_arr5_20260526_103919,N-1__arrival_rate-5__k_gamma-1-1-1__learn_mask-false-false-false__max_concurrency-5000000__optimization-adam__warm_service-0p5,sanitycheck_sweep_json_N-1__arrival_rate-5__k_gamma-1-1-1__learn_mask-false-false-false__max_concurrency-5000000__optimization-adam__warm_service-0p5,1,A1,/opt/Projects/Soft2/NSGD/sanitycheck_sweep_run2/configs/N-1__arrival_rate-5__k_gamma-1-1-1__learn_mask-false-false-false__max_concurrency-5000000__optimization-adam__warm_service-0p5/input_N01.json,/opt/Projects/Soft2/NSGD/sanitycheck_sweep_run2/configs/N-1__arrival_rate-5__k_gamma-1-1-1__learn_mask-false-false-false__max_concurrency-5000000__optimization-adam__warm_service-0p5/DAG_N01.json,/opt/Projects/Soft2/NSGD/sanitycheck_sweep_run2/logs/stdout/N-1__arrival_rate-5__k_gamma-1-1-1__learn_mask-false-false-false__max_concurrency-5000000__optimization-adam__warm_service-0p5.log,5,0.5,adam,"[false, false, false]","[1, 1, 1]",5000000,2,1000,True,1,1,1,500,100000,"[[-0.5, 0.5], [-0.5, 0.5], [-1, 1]]",[1],False,100,"[[0.3333333333333333, 0.3333333333333333, 30]]",0,0
1,1,graph,ALL,,49023,996,48069,61,945,51,9,0.0203169940640107,0.0001835872957591,0.9805397466495318,0.0010403280093017,32.33290408290333,20.17311855703844,10.059879697806991,0.0237818452223453,1.971381100488096,0.1047428823474575,49023.0,0.0,269.53991,258.4048053764936,48993,2.223839220498636,1.451173261631766,6.508568279992962,12.250342718314352,85.1116780258053,47997,2.017365382475132,945,12.162729958427716,51,12.378212872874364,4898.277638219987,0.5,2.0,100.0,0.01,0.1,10.0,0.01,100.0,2.0,0.01,10.0,100.0,ok,,/opt/Projects/Soft2/NSGD/sanitycheck_sweep_run2/logs/sanitycheck_sweep_json_N-1__arrival_rate-10__k_gamma-1-1-1__learn_mask-true-true-true__max_concurrency-50__optimization-adam__warm_service-0p5_arr10_20260526_103925,N-1__arrival_rate-10__k_gamma-1-1-1__learn_mask-true-true-true__max_concurrency-50__optimization-adam__warm_service-0p5,sanitycheck_sweep_json_N-1__arrival_rate-10__k_gamma-1-1-1__learn_mask-true-true-true__max_concurrency-50__optimization-adam__warm_service-0p5,1,A1,/opt/Projects/Soft2/NSGD/sanitycheck_sweep_run2/configs/N-1__arrival_rate-10__k_gamma-1-1-1__learn_mask-true-true-true__max_concurrency-50__optimization-adam__warm_service-0p5/input_N01.json,/opt/Projects/Soft2/NSGD/sanitycheck_sweep_run2/configs/N-1__arrival_rate-10__k_gamma-1-1-1__learn_mask-true-true-true__max_concurrency-50__optimization-adam__warm_service-0p5/DAG_N01.json,/opt/Projects/Soft2/NSGD/sanitycheck_sweep_run2/logs/stdout/N-1__arrival_rate-10__k_gamma-1-1-1__learn_mask-true-true-true__max_concurrency-50__optimization-adam__warm_service-0p5.log,10,0.5,adam,"[true, true, true]","[1, 1, 1]",50,2,1000,True,1,1,1,500,100000,"[[-0.5, 0.5], [-0.5, 0.5], [-1, 1]]",[1],False,100,"[[0.3333333333333333, 0.3333333333333333, 30]]",0,0
1,1,graph,ALL,,48729,1210,47806,374,923,287,0,0.0248312093414599,0.0,0.981058507254407,0.0058897165958669,31.72105762972845,20.193309240511248,8.870160939330823,0.1706583181744596,1.9380076312132413,0.5489215004986796,48729.0,0.0,309.67585,299.91448153979564,48709,2.264482765508704,1.455232561302637,6.66899169522985,13.005756949387605,84.95203416958248,47499,2.014328355410224,923,12.2954270588907,287,11.405676990164157,4864.983391879316,0.5,2.0,100.0,0.01,0.1,10.0,0.01,100.0,2.0,0.01,10.0,100.0,ok,,/opt/Projects/Soft2/NSGD/sanitycheck_sweep_run2/logs/sanitycheck_sweep_json_N-1__arrival_rate-10__k_gamma-1-1-1__learn_mask-true-true-true__max_concurrency-5000000__optimization-adam__warm_service-0p5_arr10_20260526_103931,N-1__arrival_rate-10__k_gamma-1-1-1__learn_mask-true-true-true__max_concurrency-5000000__optimization-adam__warm_service-0p5,sanitycheck_sweep_json_N-1__arrival_rate-10__k_gamma-1-1-1__learn_mask-true-true-true__max_concurrency-5000000__optimization-adam__warm_service-0p5,1,A1,/opt/Projects/Soft2/NSGD/sanitycheck_sweep_run2/configs/N-1__arrival_rate-10__k_gamma-1-1-1__learn_mask-true-true-true__max_concurrency-5000000__optimization-adam__warm_service-0p5/input_N01.json,/opt/Projects/Soft2/NSGD/sanitycheck_sweep_run2/configs/N-1__arrival_rate-10__k_gamma-1-1-1__learn_mask-true-true-true__max_concurrency-5000000__optimization-adam__warm_service-0p5/DAG_N01.json,/opt/Projects/Soft2/NSGD/sanitycheck_sweep_run2/logs/stdout/N-1__arrival_rate-10__k_gamma-1-1-1__learn_mask-true-true-true__max_concurrency-5000000__optimization-adam__warm_service-0p5.log,10,0.5,adam,"[true, true, true]","[1, 1, 1]",5000000,2,1000,True,1,1,1,500,100000,"[[-0.5, 0.5], [-0.5, 0.5], [-1, 1]]",[1],False,100,"[[0.3333333333333333, 0.3333333333333333, 30]]",0,0
1,1,graph,ALL,,48687,1223,48035,702,639,584,12,0.0251196417934972,0.0002464723642861,0.9866083348737856,0.0119949883952595,31.70516033513748,20.18695412596665,8.77232660581523,0.2262272024364661,1.2769000223914833,1.242752378527655,48687.0,0.0,314.0234,303.426245446283,48660,2.26717840901864,1.4560496370059752,6.676309533810681,12.955844126627223,82.11109854286633,47438,2.012631744187415,639,11.9891178574359,583,12.323551271325636,4860.679744305661,0.5,2.0,100.0,0.01,0.0999999999999999,10.0,0.01,100.0,2.0,0.01,10.0,100.0,ok,,/opt/Projects/Soft2/NSGD/sanitycheck_sweep_run2/logs/sanitycheck_sweep_json_N-1__arrival_rate-10__k_gamma-1-1-1__learn_mask-false-false-false__max_concurrency-50__optimization-adam__warm_service-0p5_arr10_20260526_103938,N-1__arrival_rate-10__k_gamma-1-1-1__learn_mask-false-false-false__max_concurrency-50__optimization-adam__warm_service-0p5,sanitycheck_sweep_json_N-1__arrival_rate-10__k_gamma-1-1-1__learn_mask-false-false-false__max_concurrency-50__optimization-adam__warm_service-0p5,1,A1,/opt/Projects/Soft2/NSGD/sanitycheck_sweep_run2/configs/N-1__arrival_rate-10__k_gamma-1-1-1__learn_mask-false-false-false__max_concurrency-50__optimization-adam__warm_service-0p5/input_N01.json,/opt/Projects/Soft2/NSGD/sanitycheck_sweep_run2/configs/N-1__arrival_rate-10__k_gamma-1-1-1__learn_mask-false-false-false__max_concurrency-50__optimization-adam__warm_service-0p5/DAG_N01.json,/opt/Projects/Soft2/NSGD/sanitycheck_sweep_run2/logs/stdout/N-1__arrival_rate-10__k_gamma-1-1-1__learn_mask-false-false-false__max_concurrency-50__optimization-adam__warm_service-0p5.log,10,0.5,adam,"[false, false, false]","[1, 1, 1]",50,2,1000,True,1,1,1,500,100000,"[[-0.5, 0.5], [-0.5, 0.5], [-1, 1]]",[1],False,100,"[[0.3333333333333333, 0.3333333333333333, 30]]",0,0
1,1,graph,ALL,,48726,1171,48126,699,600,571,0,0.0240323441283914,0.0,0.987686245536264,0.0117185896646554,31.701905908410428,20.18977151270082,8.850354316446303,0.2230116322793282,1.2910590343218342,1.1477094126621428,48726.0,0.0,305.06402,295.0762252403087,48705,2.25947579742488,1.4580705643943477,6.634294515412776,12.802520116337272,85.94941442253958,47534,2.0164025887673067,600,12.47106035245274,571,11.764364006378242,4864.711202510795,0.5,2.0,100.0,0.01,0.1,10.0,0.01,100.0,2.0,0.01,10.0,100.0,ok,,/opt/Projects/Soft2/NSGD/sanitycheck_sweep_run2/logs/sanitycheck_sweep_json_N-1__arrival_rate-10__k_gamma-1-1-1__learn_mask-false-false-false__max_concurrency-5000000__optimization-adam__warm_service-0p5_arr10_20260526_103945,N-1__arrival_rate-10__k_gamma-1-1-1__learn_mask-false-false-false__max_concurrency-5000000__optimization-adam__warm_service-0p5,sanitycheck_sweep_json_N-1__arrival_rate-10__k_gamma-1-1-1__learn_mask-false-false-false__max_concurrency-5000000__optimization-adam__warm_service-0p5,1,A1,/opt/Projects/Soft2/NSGD/sanitycheck_sweep_run2/configs/N-1__arrival_rate-10__k_gamma-1-1-1__learn_mask-false-false-false__max_concurrency-5000000__optimization-adam__warm_service-0p5/input_N01.json,/opt/Projects/Soft2/NSGD/sanitycheck_sweep_run2/configs/N-1__arrival_rate-10__k_gamma-1-1-1__learn_mask-false-false-false__max_concurrency-5000000__optimization-adam__warm_service-0p5/DAG_N01.json,/opt/Projects/Soft2/NSGD/sanitycheck_sweep_run2/logs/stdout/N-1__arrival_rate-10__k_gamma-1-1-1__learn_mask-false-false-false__max_concurrency-5000000__optimization-adam__warm_service-0p5.log,10,0.5,adam,"[false, false, false]","[1, 1, 1]",5000000,2,1000,True,1,1,1,500,100000,"[[-0.5, 0.5], [-0.5, 0.5], [-1, 1]]",[1],False,100,"[[0.3333333333333333, 0.3333333333333333, 30]]",0,0
1,1,graph,ALL,,48248,582,47824,1424,383,199,41,0.0120626761731056,0.0008497761565246,0.9912120709666722,0.0041245232963024,42.7342033621144,10.1443228113234,30.679468644958348,1.3106143269478376,0.4051896469611245,0.1946079319236923,9673.0,38575.0,149.16254,141.03507751888466,9617,2.103421427880273,1.9065425772284923,3.954626627780453,5.8961161825116095,15.663106733494658,47611,0.3975024431017391,382,2.4091875373715523,199,2.258271790274626,1889.4072310341987,2.5,0.4,500.0,0.002,0.5,2.0,0.05,20.0,2.0,0.01,10.0,100.0,ok,,/opt/Projects/Soft2/NSGD/sanitycheck_sweep_run2/logs/sanitycheck_sweep_json_N-5__arrival_rate-5__k_gamma-1-1-1__learn_mask-true-true-true__max_concurrency-50__optimization-adam__warm_service-0p5_arr5_20260526_103952,N-5__arrival_rate-5__k_gamma-1-1-1__learn_mask-true-true-true__max_concurrency-50__optimization-adam__warm_service-0p5,sanitycheck_sweep_json_N-5__arrival_rate-5__k_gamma-1-1-1__learn_mask-true-true-true__max_concurrency-50__optimization-adam__warm_service-0p5,5,A1->A2->A3->A4->A5,/opt/Projects/Soft2/NSGD/sanitycheck_sweep_run2/configs/N-5__arrival_rate-5__k_gamma-1-1-1__learn_mask-true-true-true__max_concurrency-50__optimization-adam__warm_service-0p5/input_N05.json,/opt/Projects/Soft2/NSGD/sanitycheck_sweep_run2/configs/N-5__arrival_rate-5__k_gamma-1-1-1__learn_mask-true-true-true__max_concurrency-50__optimization-adam__warm_service-0p5/DAG_N05.json,/opt/Projects/Soft2/NSGD/sanitycheck_sweep_run2/logs/stdout/N-5__arrival_rate-5__k_gamma-1-1-1__learn_mask-true-true-true__max_concurrency-50__optimization-adam__warm_service-0p5.log,5,0.5,adam,"[true, true, true]","[1, 1, 1]",50,2,1000,True,1,1,1,500,100000,"[[-0.5, 0.5], [-0.5, 0.5], [-1, 1]]",[1],False,100,"[[0.3333333333333333, 0.3333333333333333, 30]]",0,0
1,1,graph,ALL,,48427,694,47935,1108,492,202,0,0.0143308484936089,0.0,0.9898403783013608,0.0041712267949697,37.71245175132436,10.176097505349764,25.840543404017883,0.9510952251208812,0.5381377896471219,0.2065778271887134,9690.0,38737.0,151.93705,144.80780020675118,9680,2.134425264679322,1.9162653709563813,4.10178687248986,6.300582581606579,16.274255359924126,47723,0.3975566502565722,492,2.470590704667459,202,2.371155830767016,1892.8172751488776,2.5,0.4,500.0,0.002,0.5,2.0,0.0499999999999999,20.0,2.0,0.01,10.0,100.0,ok,,/opt/Projects/Soft2/NSGD/sanitycheck_sweep_run2/logs/sanitycheck_sweep_json_N-5__arrival_rate-5__k_gamma-1-1-1__learn_mask-true-true-true__max_concurrency-5000000__optimization-adam__warm_service-0p5_arr5_20260526_104009,N-5__arrival_rate-5__k_gamma-1-1-1__learn_mask-true-true-true__max_concurrency-5000000__optimization-adam__warm_service-0p5,sanitycheck_sweep_json_N-5__arrival_rate-5__k_gamma-1-1-1__learn_mask-true-true-true__max_concurrency-5000000__optimization-adam__warm_service-0p5,5,A1->A2->A3->A4->A5,/opt/Projects/Soft2/NSGD/sanitycheck_sweep_run2/configs/N-5__arrival_rate-5__k_gamma-1-1-1__learn_mask-true-true-true__max_concurrency-5000000__optimization-adam__warm_service-0p5/input_N05.json,/opt/Projects/Soft2/NSGD/sanitycheck_sweep_run2/configs/N-5__arrival_rate-5__k_gamma-1-1-1__learn_mask-true-true-true__max_concurrency-5000000__optimization-adam__warm_service-0p5/DAG_N05.json,/opt/Projects/Soft2/NSGD/sanitycheck_sweep_run2/logs/stdout/N-5__arrival_rate-5__k_gamma-1-1-1__learn_mask-true-true-true__max_concurrency-5000000__optimization-adam__warm_service-0p5.log,5,0.5,adam,"[true, true, true]","[1, 1, 1]",5000000,2,1000,True,1,1,1,500,100000,"[[-0.5, 0.5], [-0.5, 0.5], [-1, 1]]",[1],False,100,"[[0.3333333333333333, 0.3333333333333333, 30]]",0,0
1,1,graph,ALL,,48741,861,48247,792,488,373,6,0.0176647996553209,0.0001230996491659,0.9898647955519994,0.0076526948564863,33.56565661064809,10.14652506223848,22.07927219799134,0.4394488976730766,0.5029838932035222,0.3974265595416678,9751.0,38991.0,161.71348,151.04541148483207,9734,2.1633877742472505,1.9285012679842453,4.2159071899914125,6.7320281836599305,16.757126946049993,47864,0.3969907138242972,488,2.394009016136343,373,2.450495259472115,1908.9666145320248,2.5,0.4,500.0,0.002,0.5,2.0,0.05,20.0,2.0,0.01,10.0,100.0,ok,,/opt/Projects/Soft2/NSGD/sanitycheck_sweep_run2/logs/sanitycheck_sweep_json_N-5__arrival_rate-5__k_gamma-1-1-1__learn_mask-false-false-false__max_concurrency-50__optimization-adam__warm_service-0p5_arr5_20260526_104026,N-5__arrival_rate-5__k_gamma-1-1-1__learn_mask-false-false-false__max_concurrency-50__optimization-adam__warm_service-0p5,sanitycheck_sweep_json_N-5__arrival_rate-5__k_gamma-1-1-1__learn_mask-false-false-false__max_concurrency-50__optimization-adam__warm_service-0p5,5,A1->A2->A3->A4->A5,/opt/Projects/Soft2/NSGD/sanitycheck_sweep_run2/configs/N-5__arrival_rate-5__k_gamma-1-1-1__learn_mask-false-false-false__max_concurrency-50__optimization-adam__warm_service-0p5/input_N05.json,/opt/Projects/Soft2/NSGD/sanitycheck_sweep_run2/configs/N-5__arrival_rate-5__k_gamma-1-1-1__learn_mask-false-false-false__max_concurrency-50__optimization-adam__warm_service-0p5/DAG_N05.json,/opt/Projects/Soft2/NSGD/sanitycheck_sweep_run2/logs/stdout/N-5__arrival_rate-5__k_gamma-1-1-1__learn_mask-false-false-false__max_concurrency-50__optimization-adam__warm_service-0p5.log,5,0.5,adam,"[false, false, false]","[1, 1, 1]",50,2,1000,True,1,1,1,500,100000,"[[-0.5, 0.5], [-0.5, 0.5], [-1, 1]]",[1],False,100,"[[0.3333333333333333, 0.3333333333333333, 30]]",0,0
1,1,graph,ALL,,48744,861,48227,756,517,344,0,0.0176637124569177,0.0,0.989393566387658,0.0070572788445757,33.88353360704618,10.144371527182088,22.40443846317612,0.4418846862068509,0.5389446483978192,0.3538942820833046,9752.0,38993.0,160.48949,150.91075958508551,9744,2.161546859377207,1.917798781521128,4.176355214405655,6.854163174153438,15.133958403436054,47876,0.3972458121533795,517,2.386801407682558,344,2.3740202830337416,1909.0914761283373,2.5,0.4,500.0,0.002,0.5,2.0,0.05,20.0,2.0,0.01,10.0,100.0,ok,,/opt/Projects/Soft2/NSGD/sanitycheck_sweep_run2/logs/sanitycheck_sweep_json_N-5__arrival_rate-5__k_gamma-1-1-1__learn_mask-false-false-false__max_concurrency-5000000__optimization-adam__warm_service-0p5_arr5_20260526_104042,N-5__arrival_rate-5__k_gamma-1-1-1__learn_mask-false-false-false__max_concurrency-5000000__optimization-adam__warm_service-0p5,sanitycheck_sweep_json_N-5__arrival_rate-5__k_gamma-1-1-1__learn_mask-false-false-false__max_concurrency-5000000__optimization-adam__warm_service-0p5,5,A1->A2->A3->A4->A5,/opt/Projects/Soft2/NSGD/sanitycheck_sweep_run2/configs/N-5__arrival_rate-5__k_gamma-1-1-1__learn_mask-false-false-false__max_concurrency-5000000__optimization-adam__warm_service-0p5/input_N05.json,/opt/Projects/Soft2/NSGD/sanitycheck_sweep_run2/configs/N-5__arrival_rate-5__k_gamma-1-1-1__learn_mask-false-false-false__max_concurrency-5000000__optimization-adam__warm_service-0p5/DAG_N05.json,/opt/Projects/Soft2/NSGD/sanitycheck_sweep_run2/logs/stdout/N-5__arrival_rate-5__k_gamma-1-1-1__learn_mask-false-false-false__max_concurrency-5000000__optimization-adam__warm_service-0p5.log,5,0.5,adam,"[false, false, false]","[1, 1, 1]",5000000,2,1000,True,1,1,1,500,100000,"[[-0.5, 0.5], [-0.5, 0.5], [-1, 1]]",[1],False,100,"[[0.3333333333333333, 0.3333333333333333, 30]]",0,0
1,1,graph,ALL,,49424,503,48653,584,274,229,497,0.0101772418258336,0.0100558433149886,0.984400291356426,0.0046333764972483,48.1699812649016,19.76576900379929,26.620820357001183,0.7282224571005163,0.5800776741945303,0.4750917728060654,10043.0,39382.0,190.40203,187.4413139383663,9526,2.088626360604638,1.902630615859266,3.864124874633994,5.754175400761156,19.22777135394051,48405,0.3971137386381125,274,2.5029384432224355,229,2.4888310818511883,983.7694697974184,2.5,0.4,500.0,0.002,0.5,2.0,0.05,20.0,2.0,0.01,10.0,100.0,ok,,/opt/Projects/Soft2/NSGD/sanitycheck_sweep_run2/logs/sanitycheck_sweep_json_N-5__arrival_rate-10__k_gamma-1-1-1__learn_mask-true-true-true__max_concurrency-50__optimization-adam__warm_service-0p5_arr10_20260526_104059,N-5__arrival_rate-10__k_gamma-1-1-1__learn_mask-true-true-true__max_concurrency-50__optimization-adam__warm_service-0p5,sanitycheck_sweep_json_N-5__arrival_rate-10__k_gamma-1-1-1__learn_mask-true-true-true__max_concurrency-50__optimization-adam__warm_service-0p5,5,A1->A2->A3->A4->A5,/opt/Projects/Soft2/NSGD/sanitycheck_sweep_run2/configs/N-5__arrival_rate-10__k_gamma-1-1-1__learn_mask-true-true-true__max_concurrency-50__optimization-adam__warm_service-0p5/input_N05.json,/opt/Projects/Soft2/NSGD/sanitycheck_sweep_run2/configs/N-5__arrival_rate-10__k_gamma-1-1-1__learn_mask-true-true-true__max_concurrency-50__optimization-adam__warm_service-0p5/DAG_N05.json,/opt/Projects/Soft2/NSGD/sanitycheck_sweep_run2/logs/stdout/N-5__arrival_rate-10__k_gamma-1-1-1__learn_mask-true-true-true__max_concurrency-50__optimization-adam__warm_service-0p5.log,10,0.5,adam,"[true, true, true]","[1, 1, 1]",50,2,1000,True,1,1,1,500,100000,"[[-0.5, 0.5], [-0.5, 0.5], [-1, 1]]",[1],False,100,"[[0.3333333333333333, 0.3333333333333333, 30]]",0,0
1,1,graph,ALL,,49012,576,48595,608,417,159,0,0.0117522239451562,0.0,0.9914918795397044,0.0032441034848608,55.445367992421865,20.268629876065926,33.05233451054475,0.9151651186681388,0.8624689622350754,0.3467695249079719,9814.0,39199.0,229.30492,217.9191656405143,9791,2.1051988281449017,1.9036991070660176,3.97642993331781,6.025313437017209,16.833822928669548,48414,0.3974307565766356,417,2.392504321091028,159,2.432660263508637,960.5457310549762,2.5,0.4,500.0,0.002,0.5,2.0,0.05,20.0,2.0,0.01,10.0,100.0,ok,,/opt/Projects/Soft2/NSGD/sanitycheck_sweep_run2/logs/sanitycheck_sweep_json_N-5__arrival_rate-10__k_gamma-1-1-1__learn_mask-true-true-true__max_concurrency-5000000__optimization-adam__warm_service-0p5_arr10_20260526_104115,N-5__arrival_rate-10__k_gamma-1-1-1__learn_mask-true-true-true__max_concurrency-5000000__optimization-adam__warm_service-0p5,sanitycheck_sweep_json_N-5__arrival_rate-10__k_gamma-1-1-1__learn_mask-true-true-true__max_concurrency-5000000__optimization-adam__warm_service-0p5,5,A1->A2->A3->A4->A5,/opt/Projects/Soft2/NSGD/sanitycheck_sweep_run2/configs/N-5__arrival_rate-10__k_gamma-1-1-1__learn_mask-true-true-true__max_concurrency-5000000__optimization-adam__warm_service-0p5/input_N05.json,/opt/Projects/Soft2/NSGD/sanitycheck_sweep_run2/configs/N-5__arrival_rate-10__k_gamma-1-1-1__learn_mask-true-true-true__max_concurrency-5000000__optimization-adam__warm_service-0p5/DAG_N05.json,/opt/Projects/Soft2/NSGD/sanitycheck_sweep_run2/logs/stdout/N-5__arrival_rate-10__k_gamma-1-1-1__learn_mask-true-true-true__max_concurrency-5000000__optimization-adam__warm_service-0p5.log,10,0.5,adam,"[true, true, true]","[1, 1, 1]",5000000,2,1000,True,1,1,1,500,100000,"[[-0.5, 0.5], [-0.5, 0.5], [-1, 1]]",[1],False,100,"[[0.3333333333333333, 0.3333333333333333, 30]]",0,0
1,1,graph,ALL,,49475,603,48667,480,323,280,484,0.012187973724103,0.0097827185447195,0.9836685194542698,0.0056594239514906,47.4449531448695,19.85870093192011,25.9080356577814,0.4628933287668456,0.677199300654145,0.5381239257470123,10009.0,39466.0,206.33525,201.59817766343664,9501,2.102348009093189,1.901119928889856,3.979805700381576,6.056039577065576,14.86928373934336,48366,0.3971587974936825,322,2.4767983276834054,279,2.2934358959784613,980.0770445989044,2.5,0.4,500.0,0.002,0.5,2.0,0.05,20.0,2.0,0.01,10.0,100.0,ok,,/opt/Projects/Soft2/NSGD/sanitycheck_sweep_run2/logs/sanitycheck_sweep_json_N-5__arrival_rate-10__k_gamma-1-1-1__learn_mask-false-false-false__max_concurrency-50__optimization-adam__warm_service-0p5_arr10_20260526_104132,N-5__arrival_rate-10__k_gamma-1-1-1__learn_mask-false-false-false__max_concurrency-50__optimization-adam__warm_service-0p5,sanitycheck_sweep_json_N-5__arrival_rate-10__k_gamma-1-1-1__learn_mask-false-false-false__max_concurrency-50__optimization-adam__warm_service-0p5,5,A1->A2->A3->A4->A5,/opt/Projects/Soft2/NSGD/sanitycheck_sweep_run2/configs/N-5__arrival_rate-10__k_gamma-1-1-1__learn_mask-false-false-false__max_concurrency-50__optimization-adam__warm_service-0p5/input_N05.json,/opt/Projects/Soft2/NSGD/sanitycheck_sweep_run2/configs/N-5__arrival_rate-10__k_gamma-1-1-1__learn_mask-false-false-false__max_concurrency-50__optimization-adam__warm_service-0p5/DAG_N05.json,/opt/Projects/Soft2/NSGD/sanitycheck_sweep_run2/logs/stdout/N-5__arrival_rate-10__k_gamma-1-1-1__learn_mask-false-false-false__max_concurrency-50__optimization-adam__warm_service-0p5.log,10,0.5,adam,"[false, false, false]","[1, 1, 1]",50,2,1000,True,1,1,1,500,100000,"[[-0.5, 0.5], [-0.5, 0.5], [-1, 1]]",[1],False,100,"[[0.3333333333333333, 0.3333333333333333, 30]]",0,0
1,1,graph,ALL,,49127,690,48762,547,364,326,0,0.0140452297107496,0.0,0.9925702770370672,0.0066358621531947,52.09350504067923,20.28150222892949,29.90018352201357,0.4310491494291518,0.7657710802340083,0.7149990600730175,9836.0,39291.0,248.40322,237.71797975234017,9812,2.1317630755229886,1.9101236348780617,4.092499464623168,6.280696273270997,15.230760910081472,48414,0.3973164542096908,364,2.426152351542306,325,2.509615029479311,962.2860232328604,2.5,0.4,500.0,0.002,0.5,2.0,0.05,20.0,2.0,0.01,10.0,100.0,ok,,/opt/Projects/Soft2/NSGD/sanitycheck_sweep_run2/logs/sanitycheck_sweep_json_N-5__arrival_rate-10__k_gamma-1-1-1__learn_mask-false-false-false__max_concurrency-5000000__optimization-adam__warm_service-0p5_arr10_20260526_104148,N-5__arrival_rate-10__k_gamma-1-1-1__learn_mask-false-false-false__max_concurrency-5000000__optimization-adam__warm_service-0p5,sanitycheck_sweep_json_N-5__arrival_rate-10__k_gamma-1-1-1__learn_mask-false-false-false__max_concurrency-5000000__optimization-adam__warm_service-0p5,5,A1->A2->A3->A4->A5,/opt/Projects/Soft2/NSGD/sanitycheck_sweep_run2/configs/N-5__arrival_rate-10__k_gamma-1-1-1__learn_mask-false-false-false__max_concurrency-5000000__optimization-adam__warm_service-0p5/input_N05.json,/opt/Projects/Soft2/NSGD/sanitycheck_sweep_run2/configs/N-5__arrival_rate-10__k_gamma-1-1-1__learn_mask-false-false-false__max_concurrency-5000000__optimization-adam__warm_service-0p5/DAG_N05.json,/opt/Projects/Soft2/NSGD/sanitycheck_sweep_run2/logs/stdout/N-5__arrival_rate-10__k_gamma-1-1-1__learn_mask-false-false-false__max_concurrency-5000000__optimization-adam__warm_service-0p5.log,10,0.5,adam,"[false, false, false]","[1, 1, 1]",5000000,2,1000,True,1,1,1,500,100000,"[[-0.5, 0.5], [-0.5, 0.5], [-1, 1]]",[1],False,100,"[[0.3333333333333333, 0.3333333333333333, 30]]",0,0
