scenario,chain_length,graph,graph_time_avg_cost,graph_event_avg_cost,graph_reqs_total,graph_reqs_cold,graph_reqs_warm,graph_reqs_init_free,graph_reqs_init_reserved,graph_reqs_queued,graph_reqs_reject,external_arrivals,internal_arrivals,graph_prob_cold,graph_prob_warm,graph_prob_queued,graph_prob_reject,graph_inst_count_avg,graph_inst_running_count_avg,graph_inst_idle_count_avg,graph_inst_init_free_count_avg,graph_inst_init_reserved_count_avg,graph_inst_queued_jobs_count_avg,simulated_time,warm_service_rate,warm_service_mean_time,cold_service_rate,cold_service_mean_time,cold_start_rate,cold_start_mean_time,expiration_rate,expiration_mean_time,total_expected_warm_service_time,total_expected_cold_service_time,total_expected_cold_start_time,total_expected_expiration_time,run_dir,stdout_log
event_budget,1,A1,118.55649112746887,122.50616,24759,194,24758,256,1,193,0,24759,0,0.0078355345530918,0.9999596106466336,0.0077951451997253,0.0,21.040186684105464,10.17505117218463,9.79402804253612,0.236729004151836,0.0111635575107454,0.8232149077221356,2456.525365421357,1.0,1.0,100.0,0.01,0.1,10.0,0.01,100.0,1.0,0.01,10.0,100.0,/opt/Projects/Soft2/NSGD/logs/sanitycheck_event_budget_L01_arr10.0_20260427_115006,/opt/Projects/Soft2/NSGD/results_figures/run_logs/event_budget_L01.log
event_budget,2,A1->A2,141.64392899252104,146.45704,24675,259,24578,243,97,162,0,12340,12336,0.0104964539007092,0.9960688956433638,0.0065653495440729,0.0,25.385185855126267,10.181512279375603,13.834491480714869,0.3997068622704152,0.3120225177709441,0.6574527149944356,1215.257951847652,2.0,0.5,200.0,0.005,0.2,5.0,0.02,50.0,1.0,0.01,10.0,100.0,/opt/Projects/Soft2/NSGD/logs/sanitycheck_event_budget_L02_arr10.0_20260427_115009,/opt/Projects/Soft2/NSGD/results_figures/run_logs/event_budget_L02.log
event_budget,3,A1->A2->A3,193.24747679565672,201.89194,24575,342,24395,268,179,163,0,8195,16381,0.0139165818921668,0.992675483214649,0.0066327568667344,0.0,29.5413472986977,10.19088423408726,17.491098194950567,0.4715891514261787,0.7032166433452667,0.6845590748884322,804.6404517266568,3.0,0.3333333333333333,300.0,0.0033333333333333,0.3000000000000001,3.333333333333332,0.03,33.333333333333336,1.0,0.01,10.0,100.0,/opt/Projects/Soft2/NSGD/logs/sanitycheck_event_budget_L03_arr10.0_20260427_115014,/opt/Projects/Soft2/NSGD/results_figures/run_logs/event_budget_L03.log
event_budget,4,A1->A2->A3->A4,218.6725291545022,228.0835,24544,395,24254,249,253,142,36,6141,18404,0.0160935462842242,0.9881844850065188,0.0057855280312907,0.0014667535853976,31.86176636870734,10.163117522390852,19.647943520616806,0.4611053460758693,0.9890327208825976,0.600567258741215,600.3612497042101,4.0,0.25,400.0,0.0025,0.4,2.5,0.04,25.0,1.0,0.01,10.0,100.0,/opt/Projects/Soft2/NSGD/logs/sanitycheck_event_budget_L04_arr10.0_20260427_115021,/opt/Projects/Soft2/NSGD/results_figures/run_logs/event_budget_L04.log
event_budget,5,A1->A2->A3->A4->A5,264.2225446106322,279.7043,24448,463,24105,284,311,152,30,4897,19551,0.0189381544502617,0.985970222513089,0.0062172774869109,0.0012270942408376,35.07970473637828,10.169678782310784,22.459266618156267,0.48195397678668,1.2668737190220258,0.7019316401025243,474.7657185834597,5.0,0.2,500.0,0.002,0.5,2.0,0.05,20.0,1.0,0.01,10.0,100.0,/opt/Projects/Soft2/NSGD/logs/sanitycheck_event_budget_L05_arr10.0_20260427_115028,/opt/Projects/Soft2/NSGD/results_figures/run_logs/event_budget_L05.log
event_budget,6,A1->A2->A3->A4->A5->A6,290.49398784680966,301.70482,24434,502,23993,250,373,129,68,4082,20352,0.0205451420152246,0.9819513792256692,0.0052795285258246,0.0027830072849308,37.6555765213922,10.182929991705697,24.852831740074244,0.4447515853433294,1.617561702853723,0.5575015014152077,395.1189275787536,6.0,0.1666666666666666,600.0,0.0016666666666666,0.6000000000000001,1.6666666666666663,0.06,16.666666666666668,1.0,0.01,10.0,100.0,/opt/Projects/Soft2/NSGD/logs/sanitycheck_event_budget_L06_arr10.0_20260427_115037,/opt/Projects/Soft2/NSGD/results_figures/run_logs/event_budget_L06.log
event_budget,7,A1->A2->A3->A4->A5->A6->A7,304.34765788732585,316.711,24397,549,23871,223,444,105,82,3502,20895,0.0225027667336147,0.9784399721277206,0.0043038078452268,0.0033610689838914,39.30413130124887,10.21512161424598,26.28875656114904,0.5247155506387079,1.8909661030051272,0.3845714722100075,337.635686876877,7.0,0.1428571428571428,700.0,0.0014285714285714,0.7000000000000001,1.4285714285714284,0.07,14.285714285714285,1.0,0.01,9.999999999999998,100.0,/opt/Projects/Soft2/NSGD/logs/sanitycheck_event_budget_L07_arr10.0_20260427_115047,/opt/Projects/Soft2/NSGD/results_figures/run_logs/event_budget_L07.log
event_budget,8,A1->A2->A3->A4->A5->A6->A7->A8,323.83151209332954,337.74912,24366,602,23780,232,486,116,100,3074,21292,0.024706558318969,0.9759500943938276,0.0047607321677747,0.0041040794549782,41.32599915747874,10.242108491582636,28.080794981057917,0.5789723326837888,1.966560216942475,0.4575631352119258,294.14148654723743,8.0,0.125,800.0,0.00125,0.7999999999999999,1.25,0.08,12.5,1.0,0.01,10.0,100.0,/opt/Projects/Soft2/NSGD/logs/sanitycheck_event_budget_L08_arr10.0_20260427_115058,/opt/Projects/Soft2/NSGD/results_figures/run_logs/event_budget_L08.log
event_budget,9,A1->A2->A3->A4->A5->A6->A7->A8->A9,365.4930826925241,376.44242,24317,651,23673,248,524,127,119,2743,21574,0.0267713944976765,0.9735164699592878,0.0052226837192087,0.0048936957683924,43.54780381028706,10.149126744068436,30.182292027185177,0.4274105720442375,2.251996490997417,0.5369779759917905,263.41306012022807,9.0,0.1111111111111111,900.0,0.0011111111111111,0.9,1.1111111111111112,0.0899999999999999,11.111111111111112,1.0,0.01,10.0,100.0,/opt/Projects/Soft2/NSGD/logs/sanitycheck_event_budget_L09_arr10.0_20260427_115111,/opt/Projects/Soft2/NSGD/results_figures/run_logs/event_budget_L09.log
event_budget,10,A1->A2->A3->A4->A5->A6->A7->A8->A9->A10,367.2919698316617,375.8069,24315,668,23606,233,559,109,150,2488,21827,0.0274727534443759,0.9708410446226609,0.0044828295290972,0.0061690314620604,44.5452290149776,10.15283800180212,31.138634904462933,0.4678252939388313,2.3201425343408544,0.4657882804328598,237.6686552836612,10.0,0.1,1000.0,0.001,1.0,1.0,0.1,10.0,1.0,0.01,10.0,100.0,/opt/Projects/Soft2/NSGD/logs/sanitycheck_event_budget_L10_arr10.0_20260427_115126,/opt/Projects/Soft2/NSGD/results_figures/run_logs/event_budget_L10.log
event_budget,11,A1->A2->A3->A4->A5->A6->A7->A8->A9->A10->A11,374.684115537129,376.5769,24332,704,23517,212,598,106,217,2307,22025,0.0289330922242314,0.9665050139733684,0.0043564030905803,0.0089182968929804,45.599143144014526,9.923048640713532,32.401979169125006,0.4382500153031451,2.3751703972024627,0.4606949216703691,219.74341545618023,11.0,0.0909090909090909,1100.0,0.0009090909090909,1.1,0.9090909090909092,0.11,9.090909090909092,1.0,0.01,10.0,100.0,/opt/Projects/Soft2/NSGD/logs/sanitycheck_event_budget_L11_arr10.0_20260427_115141,/opt/Projects/Soft2/NSGD/results_figures/run_logs/event_budget_L11.log
event_budget,12,A1->A2->A3->A4->A5->A6->A7->A8->A9->A10->A11->A12,375.8912204673595,379.86638,24308,720,23435,211,632,88,241,2117,22192,0.0296198782293895,0.9640858976468653,0.0036202073391476,0.0099144314628928,45.85934736853915,9.88995177776695,32.65914134737861,0.4689370956149268,2.487350288346527,0.3539668594321432,201.9615677965398,12.0,0.0833333333333333,1200.0,0.0008333333333333,1.2000000000000002,0.8333333333333333,0.12,8.333333333333334,1.0,0.01,10.0,100.0,/opt/Projects/Soft2/NSGD/logs/sanitycheck_event_budget_L12_arr10.0_20260427_115159,/opt/Projects/Soft2/NSGD/results_figures/run_logs/event_budget_L12.log
event_budget,13,A1->A2->A3->A4->A5->A6->A7->A8->A9->A10->A11->A12->A13,382.7690457126342,379.9801,24354,741,23374,195,649,92,330,2005,22349,0.0304262133530426,0.9597602036626428,0.003777613533711,0.013550135501355,46.693688159535576,9.593965015601189,33.82554622519002,0.3826458822150471,2.5459426369768274,0.345588399552504,192.56748901707948,13.0,0.0769230769230769,1300.0,0.0007692307692307,1.3,0.7692307692307692,0.13,7.692307692307692,1.0,0.01,10.0,100.0,/opt/Projects/Soft2/NSGD/logs/sanitycheck_event_budget_L13_arr10.0_20260427_115216,/opt/Projects/Soft2/NSGD/results_figures/run_logs/event_budget_L13.log
event_budget,14,A1->A2->A3->A4->A5->A6->A7->A8->A9->A10->A11->A12->A13->A14,425.1269174728913,429.46404,24254,868,23082,201,775,93,397,1915,22339,0.0357879112723674,0.9516780737197988,0.0038344190648965,0.0163684340727302,46.64611409244359,9.260959544721784,33.65978600836082,0.4261731072145422,2.963391230639985,0.3358042015064563,183.64101472372235,14.0,0.0714285714285714,1400.0,0.0007142857142857,1.4,0.7142857142857142,0.14,7.142857142857142,1.0,0.01,9.999999999999998,100.0,/opt/Projects/Soft2/NSGD/logs/sanitycheck_event_budget_L14_arr10.0_20260427_115234,/opt/Projects/Soft2/NSGD/results_figures/run_logs/event_budget_L14.log
event_budget,15,A1->A2->A3->A4->A5->A6->A7->A8->A9->A10->A11->A12->A13->A14->A15,431.3387632769713,426.9247,24256,880,23016,230,776,104,464,1818,22439,0.0362796833773087,0.9488786279683378,0.004287598944591,0.0191292875989445,47.0945608726546,9.048825085790607,34.24224018209091,0.4556158067417237,2.955669808009364,0.3922099900220044,174.7061873477548,15.0,0.0666666666666666,1500.0,0.0006666666666666,1.5,0.6666666666666666,0.15,6.666666666666667,1.0,0.01,10.0,100.0,/opt/Projects/Soft2/NSGD/logs/sanitycheck_event_budget_L15_arr10.0_20260427_115255,/opt/Projects/Soft2/NSGD/results_figures/run_logs/event_budget_L15.log
event_budget,16,A1->A2->A3->A4->A5->A6->A7->A8->A9->A10->A11->A12->A13->A14->A15->A16,419.3579445848848,410.56862,24308,877,23000,207,779,98,529,1754,22555,0.0360786572321869,0.9461905545499424,0.004031594536778,0.0217623827546486,47.62979066649812,8.765866758261687,35.259977564666926,0.3834224337751026,2.8345462851328525,0.3859776246615513,168.85609724270788,16.0,0.0625,1600.0,0.000625,1.6,0.625,0.16,6.25,1.0,0.01,10.0,100.0,/opt/Projects/Soft2/NSGD/logs/sanitycheck_event_budget_L16_arr10.0_20260427_115316,/opt/Projects/Soft2/NSGD/results_figures/run_logs/event_budget_L16.log
event_budget,17,A1->A2->A3->A4->A5->A6->A7->A8->A9->A10->A11->A12->A13->A14->A15->A16->A17,430.2612955620944,427.4227,24274,926,22824,197,854,72,596,1709,22565,0.0381478124742522,0.9402653044409656,0.0029661366070692,0.0245530196918513,47.873661347280056,8.464737566725091,35.722150311982126,0.3675895682874284,3.0346901336599394,0.2844937666254739,164.38178135682844,17.0,0.0588235294117647,1700.0,0.0005882352941176,1.7000000000000002,0.588235294117647,0.1699999999999999,5.882352941176471,1.0,0.0099999999999999,9.999999999999998,100.0,/opt/Projects/Soft2/NSGD/logs/sanitycheck_event_budget_L17_arr10.0_20260427_115338,/opt/Projects/Soft2/NSGD/results_figures/run_logs/event_budget_L17.log
event_budget,18,A1->A2->A3->A4->A5->A6->A7->A8->A9->A10->A11->A12->A13->A14->A15->A16->A17->A18,432.7195139760447,427.38946,24243,968,22729,208,893,75,620,1647,22596,0.0399290516850224,0.9375489832116488,0.0030936765251825,0.0255743926081755,47.58166232413683,8.313852666462777,35.48631615593315,0.4362378868508006,3.130333372587768,0.2149222423023298,157.8354168895109,18.0,0.0555555555555555,1800.0,0.0005555555555555,1.8,0.5555555555555556,0.18,5.555555555555555,1.0,0.01,10.0,100.0,/opt/Projects/Soft2/NSGD/logs/sanitycheck_event_budget_L18_arr10.0_20260427_115400,/opt/Projects/Soft2/NSGD/results_figures/run_logs/event_budget_L18.log
event_budget,19,A1->A2->A3->A4->A5->A6->A7->A8->A9->A10->A11->A12->A13->A14->A15->A16->A17->A18->A19,421.9209438260576,418.2233,24298,970,22674,204,894,76,730,1627,22672,0.0399209811507119,0.9331632233105606,0.0031278294509836,0.030043624989711,48.17103485954976,7.951928367560521,36.5650193904813,0.4284016898079736,2.924872439506652,0.3008129721933074,155.77789759781942,19.0,0.0526315789473684,1900.0,0.0005263157894736,1.9,0.5263157894736842,0.19,5.2631578947368425,1.0,0.01,10.0,100.0,/opt/Projects/Soft2/NSGD/logs/sanitycheck_event_budget_L19_arr10.0_20260427_115425,/opt/Projects/Soft2/NSGD/results_figures/run_logs/event_budget_L19.log
event_budget,20,A1->A2->A3->A4->A5->A6->A7->A8->A9->A10->A11->A12->A13->A14->A15->A16->A17->A18->A19->A20,446.387561381837,438.06618,24216,1074,22438,215,994,80,784,1621,22596,0.0443508424182358,0.9265774694416914,0.0033036009250082,0.0323752890650809,48.04969067149093,7.55482083215255,36.58721012846389,0.4464594934906411,3.1834066132563343,0.2777936041275201,155.1589699681468,20.0,0.05,2000.0,0.0005,2.0,0.5,0.2,4.999999999999999,1.0,0.01,10.0,100.0,/opt/Projects/Soft2/NSGD/logs/sanitycheck_event_budget_L20_arr10.0_20260427_115451,/opt/Projects/Soft2/NSGD/results_figures/run_logs/event_budget_L20.log
