scenario,chain_length,graph,graph_time_avg_cost,graph_event_avg_cost,graph_reqs_total,external_arrivals,internal_arrivals,graph_prob_cold,graph_prob_reject,simulated_time,run_dir,stdout_log
fixed_external,1,A1,163.25552252056832,165.06280100173376,5133,5133,0,0.01188388856419248,0.0,500,/opt/Projects/Soft2/NSGD/logs/sanitycheck_fixed_external_L01_arr10.0_20260427_092703,/opt/Projects/Soft2/NSGD/results_figures/run_logs/fixed_external_L01.log
fixed_external,2,A1->A2,148.60619884705747,155.03413953935663,10263,5133,5130,0.011887362369677482,0.0,500,/opt/Projects/Soft2/NSGD/logs/sanitycheck_fixed_external_L02_arr10.0_20260427_092705,/opt/Projects/Soft2/NSGD/results_figures/run_logs/fixed_external_L02.log
fixed_external,3,A1->A2->A3,184.7759663405835,194.72846495857723,15382,5133,10249,0.013652320894552074,0.0,500,/opt/Projects/Soft2/NSGD/logs/sanitycheck_fixed_external_L03_arr10.0_20260427_092708,/opt/Projects/Soft2/NSGD/results_figures/run_logs/fixed_external_L03.log
fixed_external,4,A1->A2->A3->A4,240.27981612594465,256.4534330712425,20508,5133,15375,0.017554125219426564,0.0,500,/opt/Projects/Soft2/NSGD/logs/sanitycheck_fixed_external_L04_arr10.0_20260427_092713,/opt/Projects/Soft2/NSGD/results_figures/run_logs/fixed_external_L04.log
fixed_external,5,A1->A2->A3->A4->A5,255.95518923691125,274.4367353171346,25622,5133,20489,0.018655842635235346,0.0,500,/opt/Projects/Soft2/NSGD/logs/sanitycheck_fixed_external_L05_arr10.0_20260427_092720,/opt/Projects/Soft2/NSGD/results_figures/run_logs/fixed_external_L05.log
fixed_external,6,A1->A2->A3->A4->A5->A6,315.0003356411729,334.5417834132751,30753,5133,25620,0.023347315709036517,0.0,500,/opt/Projects/Soft2/NSGD/logs/sanitycheck_fixed_external_L06_arr10.0_20260427_092731,/opt/Projects/Soft2/NSGD/results_figures/run_logs/fixed_external_L06.log
fixed_external,7,A1->A2->A3->A4->A5->A6->A7,346.44289953148285,374.0339281601019,35885,5133,30752,0.024467047512888394,0.0,500,/opt/Projects/Soft2/NSGD/logs/sanitycheck_fixed_external_L07_arr10.0_20260427_092746,/opt/Projects/Soft2/NSGD/results_figures/run_logs/fixed_external_L07.log
fixed_external,8,A1->A2->A3->A4->A5->A6->A7->A8,342.82081928285703,362.55563322709446,41005,5133,35872,0.02538714790879161,0.0,500,/opt/Projects/Soft2/NSGD/logs/sanitycheck_fixed_external_L08_arr10.0_20260427_092804,/opt/Projects/Soft2/NSGD/results_figures/run_logs/fixed_external_L08.log
fixed_external,9,A1->A2->A3->A4->A5->A6->A7->A8->A9,380.81280879809583,400.5051591841876,46137,5133,41004,0.027851832585560395,0.0,500,/opt/Projects/Soft2/NSGD/logs/sanitycheck_fixed_external_L09_arr10.0_20260427_092827,/opt/Projects/Soft2/NSGD/results_figures/run_logs/fixed_external_L09.log
fixed_external,10,A1->A2->A3->A4->A5->A6->A7->A8->A9->A10,387.26809147445226,408.87292034729376,51230,5133,46097,0.028401327347257466,0.0,500,/opt/Projects/Soft2/NSGD/logs/sanitycheck_fixed_external_L10_arr10.0_20260427_092856,/opt/Projects/Soft2/NSGD/results_figures/run_logs/fixed_external_L10.log
event_budget,1,A1,118.55649112746887,122.50616,24759,24759,0,0.007835534553091805,0.0,2456.5253654213575,/opt/Projects/Soft2/NSGD/logs/sanitycheck_event_budget_L01_arr10.0_20260427_092931,/opt/Projects/Soft2/NSGD/results_figures/run_logs/event_budget_L01.log
event_budget,2,A1->A2,141.64392899252104,146.45704,24675,12340,12336,0.01049645390070922,0.0,1215.257951847652,/opt/Projects/Soft2/NSGD/logs/sanitycheck_event_budget_L02_arr10.0_20260427_092935,/opt/Projects/Soft2/NSGD/results_figures/run_logs/event_budget_L02.log
event_budget,3,A1->A2->A3,193.24747679565672,201.89194,24575,8195,16381,0.013916581892166836,0.0,804.6404517266568,/opt/Projects/Soft2/NSGD/logs/sanitycheck_event_budget_L03_arr10.0_20260427_092941,/opt/Projects/Soft2/NSGD/results_figures/run_logs/event_budget_L03.log
event_budget,4,A1->A2->A3->A4,235.52148914429833,249.89896,24504,6132,18372,0.017425726412014366,0.0,599.3771037570888,/opt/Projects/Soft2/NSGD/logs/sanitycheck_event_budget_L04_arr10.0_20260427_092949,/opt/Projects/Soft2/NSGD/results_figures/run_logs/event_budget_L04.log
event_budget,5,A1->A2->A3->A4->A5,261.0468382995522,279.72362,24449,4897,19553,0.018937379851936685,0.0,474.80981307307536,/opt/Projects/Soft2/NSGD/logs/sanitycheck_event_budget_L05_arr10.0_20260427_092958,/opt/Projects/Soft2/NSGD/results_figures/run_logs/event_budget_L05.log
event_budget,6,A1->A2->A3->A4->A5->A6,322.21886002198084,346.02536,24315,4056,20259,0.024264857084104464,0.0,393.0087637417249,/opt/Projects/Soft2/NSGD/logs/sanitycheck_event_budget_L06_arr10.0_20260427_093008,/opt/Projects/Soft2/NSGD/results_figures/run_logs/event_budget_L06.log
event_budget,7,A1->A2->A3->A4->A5->A6->A7,359.807682162474,390.43212,24307,3476,20832,0.024931089809519892,0.0,334.6014647365062,/opt/Projects/Soft2/NSGD/logs/sanitycheck_event_budget_L07_arr10.0_20260427_093019,/opt/Projects/Soft2/NSGD/results_figures/run_logs/event_budget_L07.log
event_budget,8,A1->A2->A3->A4->A5->A6->A7->A8,369.16380491407995,394.08514,24255,3037,21219,0.026798598227169654,0.0,291.4205935773378,/opt/Projects/Soft2/NSGD/logs/sanitycheck_event_budget_L08_arr10.0_20260427_093032,/opt/Projects/Soft2/NSGD/results_figures/run_logs/event_budget_L08.log
event_budget,9,A1->A2->A3->A4->A5->A6->A7->A8->A9,392.78131571376525,415.40678,24203,2695,21509,0.029045986034789077,0.0,259.50523494899835,/opt/Projects/Soft2/NSGD/logs/sanitycheck_event_budget_L09_arr10.0_20260427_093047,/opt/Projects/Soft2/NSGD/results_figures/run_logs/event_budget_L09.log
event_budget,10,A1->A2->A3->A4->A5->A6->A7->A8->A9->A10,400.76207404413253,427.541,24180,2426,21754,0.0304383788254756,0.0,231.60158062030303,/opt/Projects/Soft2/NSGD/logs/sanitycheck_event_budget_L10_arr10.0_20260427_093103,/opt/Projects/Soft2/NSGD/results_figures/run_logs/event_budget_L10.log
